country,1966,1967,1968,1969,1970,1971,1972,1973,1974,1975,1976,1977,1978,1979,1980,1981,1982,1983,1984,1985,1986,1987,1988,1989,1990,1991,1992,1993,1994,1995,1996,1997,1998,1999,2000,2001,2002,2003,2004,2005,2006,2007,2008,2009,2010,2011,2012,2013,2014,2015,2016,2017,2018,2019,2020
Angola,,,,,,,,,,,,,,,,,,,,,,,,,,,,,,,,,,40.2,,,,,,,,32.3,,,,,,,,,,39.6,,,
Albania,,,,,,,,,,,,,,,,,,,,,,,,,,,,,,21.2,,,,,,25.4,,,24.3,,,24.5,,,,22.9,,25.5,24.8,25,24.6,22.7,23.8,,
United Arab Emirates,,,,,,,,,,,,,,,,,,,,,,,,,,,,,,,,,,,,,,,,,,,,,,,21.4,,,,,20,,,
Argentina,,,,,,,,,,,,,,30.2,,,,,,32.2,34.3,,,,36.6,34.3,33.2,34.4,37,36.9,36.4,38.1,37,37.7,39.5,40.5,37.7,35.2,34.9,33.7,33.7,32.4,31.2,31.7,31,29.7,29.4,29.9,,30.4,29.7,29.8,31,30.3,
Armenia,,,,,,,,,,,,,,,,,,,,,,,,,,,,,,,,,29.6,,29.1,29,28.2,31.7,30.8,24.5,25.1,23.7,22.9,25,24,24.5,24.7,25.7,26.7,25.3,28.4,29.2,25.1,21.5,
Australia,,,,,,,,,,,,,,,23.3,,,,24.3,,,,24.7,,,,,,24.6,,,,,,25.1,,25.1,25.3,,,,27.4,,26.5,,,,27,,25.8,,26.6,,,
Austria,,,,,,,,,,,,,,,,,,,,,19.3,,,,,,,24.6,22.4,,23.4,,,22.7,,,23.5,23.8,22.8,23.7,23.8,24.1,24.7,23.6,23.7,23.4,24.3,24.1,23.8,23.8,23,23.9,23.2,,
Azerbaijan,,,,,,,,,,,,,,,,,,,,,,,,,,,,,26.8,,,,,,29.5,23.2,23.6,24.4,24.2,,,,,,,,,,,,,,,,
Burundi,,,,,,,,,,,,,,,,,,,,,,,,,,26.6,,,,,,32.7,,,,,,,,28,,,,,,,31,,,,,,,,
Belgium,,,,,,,,,,,,,,,,,,,20.6,,,21.1,,,,20.1,,,22.8,,21.6,,,28.3,,,22.2,25.1,23.9,22.4,23.5,22.7,22.7,22.7,22.4,21.9,21.8,22.4,22.2,22.2,21.9,22.2,22.3,,
Benin,,,,,,,,,,,,,,,,,,,,,,,,,,,,,,,,,,,,,31.1,,,,,,,,34.5,,,,37.6,,,29.9,,,
Burkina Faso,,,,,,,,,,,,,,,,,,,,,,,,,,,,39.5,,,,42.7,,,,,33.8,,,,,,32,,,,,29.6,,,,37.5,,,
Bangladesh,,,,,,,,,,,,,,,,,21.9,,23.4,,,24.6,,,23.3,,,,28.1,,,,,27.9,,,,,28,,,,,26.9,,,,,,26.8,,,,,
Bulgaria,,,,,,,,,,,,,,,,,,,,,,,,,,,,,,,,,,,,,,,,26.6,27.9,25.7,25.7,26.9,26,27.4,27.6,28.8,28.7,31.4,31.9,32.6,31.4,,
Bosnia and Herzegovina,,,,,,,,,,,,,,,,,,,,,,,,,,,,,,,,,,,24.8,,,26.4,,,25.1,,,,25.1,,,,,,,,,,
Belarus,,,,,,,,,,,,,,,,,,,,,,,,,,,,,,,,24.9,24,24,24,24,22.6,21.4,21.8,22.4,23.6,22.3,22.6,22.9,21.9,21.8,22.1,22.6,21.2,21.3,21.3,21.4,21.3,20.7,
Belize,,,,,,,,,,,,,,,,,,,,,,,,,,,51.1,52.5,,46.5,50.3,43.7,42.4,,,,,,,,,,,,,,,,,,,,,,
Bolivia,,,,,,,,,,,,,,,,,,,,,,,,,,,,,,,45.4,,42.6,47.8,44.2,46.6,,43.9,45.3,43.6,41.9,38.5,36.9,,33.7,33.7,35.2,36,34.8,32.4,32,30.6,30.8,32.6,
Brazil,,,,,,,,,,,,,,,45.9,46.2,46.8,46.5,42.5,46.6,47.4,49.2,51.1,48.1,,39.7,48.5,,47.5,47.4,47.4,47.6,47,,46.1,46.1,45.4,44.5,44.6,44.1,43.2,42.5,42.2,,41.7,42.4,41.7,41,40.9,42,42,42.5,41.9,39.4,
Bhutan,,,,,,,,,,,,,,,,,,,,,,,,,,,,,,,,,,,,,32.2,,,,29.4,,,,,30.7,,,,,27.9,,,,
Botswana,,,,,,,,,,,,,,,,,,,42.9,,,,,,,,51.2,,,,,,,,,53.1,,,,,,,49.6,,,,,,41.5,,,,,,
Central African Republic,,,,,,,,,,,,,,,,,,,,,,,,,,47.7,,,,,,,,,,,,,,,,46.2,,,,,,,,,,,,,
Canada,,,,,27,,,,24.6,,,,,,24.3,,,,,,23.8,,,,23.6,,,23.6,,,23.8,25.3,,25.5,,,,25.6,,,26,,,25.7,,25.2,25.1,25.2,25.5,25,25.3,,,,
Switzerland,,,,,,,,,,,,,,,,28.6,,,,,,,,,,26.4,,,,,,,,25.9,,24.1,,,,26,26.7,26.3,25.7,25.4,24.7,25,25.5,25.5,25.2,25.8,25.5,25.8,,,
Chile,,,,,,,,,,,,,,,,,,,,,45.4,,,47.1,,45.2,,45.9,,44.4,,45,,42.6,,,41.4,,,37.9,,,38.2,,37.3,,37.4,,36.1,,36.3,,,35.8,
China,,,,,,,,,,,,,,,,,,,,,,,,25.8,,,26.6,,,27.3,,,29.4,,,31.4,,,30.9,,,32,,32.6,31.8,31.5,30.3,29.7,29.4,29.4,29.9,29.4,29.5,,
Cote d'Ivoire,,,,,,,,,,,,,,,,,,,35.6,29.5,32,28.3,,,,29.5,,,32.8,,,30.1,,,,32.7,,,,,,32.6,,,,,,,31.9,,,29,,,
Cameroon,,,,,,,,,,,,,,,,,,,,,,,,,,,,,,36.2,,,,,33.6,,,,,,33,,,,,,,35,,,,,,,
"Congo, Dem. Rep.",,,,,,,,,,,,,,,,,,,,,,,,,,,,,,,,,,,,,,32.4,,,,,,,,32,,,,,,,,,
"Congo, Rep.",,,,,,,,,,,,,,,,,,,,,,,,,,,,,,,,,,,,,,,36.9,,,,,,37.9,,,,,,,,,,
Colombia,,,,,,,,,,,,,,,,,,,,,,,,,,40.5,,,,45.6,,,46.9,47,46.3,45.2,42.8,44.5,43.2,,,43.7,42.9,43.4,42.4,41.3,41.4,41.4,39.9,39.8,39,39.7,40.3,42.2,
Comoros,,,,,,,,,,,,,,,,,,,,,,,,,,,,,,,,,,,,,,48.1,,,,,,,,,,33.7,,,,,,,
Cape Verde,,,,,,,,,,,,,,,,,,,,,,,,,,,,,,,,,,,42.6,,,,,,37.1,,,,,,,,32.3,,,,,,
Costa Rica,,,,,,,,,,,,,,,33.7,,,,,23.1,,,33.3,33,34.3,33.7,33.7,35.3,33.8,34.3,33.8,34,35.9,35.7,39.7,40.4,37,36.6,35.9,38.3,38.9,37.7,39.4,36.8,36.9,36.6,37,36.9,36.8,37.3,37,36.3,36.7,37,
Cyprus,,,,,,,,,,,,,,,,,,,,,,,,,,,,,,,,,,,,,,24.3,24.9,26,25.5,26.2,26.2,25.7,26.7,28,30.9,28.8,27.5,26.8,25.5,27.2,25.5,,
Czech Republic,,,,,,,,,,,,,,,,,,,,,,,,,,19.6,23.6,,,22.1,,,,,,22.5,,23.1,22.9,22.6,22.3,22.9,22.4,22.4,22.2,22.2,22.6,22.1,22.1,21.9,21.5,21.5,21.5,,
Germany,,,,,,,,,,,,,,,,,,,,,,,,,23.1,23.3,22.9,23,23,22.6,22.4,22.3,23.2,23,23.9,23.7,24,24.1,25.3,24.9,25.2,24.7,24,24.1,24.6,24.4,24.9,24.1,24.8,24.7,24.6,25.1,,,
Djibouti,,,,,,,,,,,,,,,,,,,,,,,,,,,,,,,,,,,,30.8,,,,,,,,,,34.4,34.1,,,,32.3,,,,
Denmark,,,,,,,,,,,,,,,,,,,,,21.6,,,,,20.5,,,19.8,,,,,20.1,,,21.4,20.7,21,21.8,22.1,21,21.8,22.5,22.7,23.1,23.7,23.6,23.8,23.7,24,23.5,23.5,,
Dominican Republic,,,,,,,,,,,,,,,,,,,,36.1,,,39.8,,,41.9,,,,36.5,37.9,,,40.2,39.2,38.3,41.7,41.7,39,41.2,38.6,37.8,38.7,36.5,37.5,36,37.9,33.4,34.9,35.4,33.5,35.2,33.1,30.5,
Algeria,,,,,,,,,,,,,,,,,,,,,,32.8,,,,,,,26.9,,,,,,,,,,,,,,,,22.9,,,,,,,,,,
Ecuador,,,,,,,,,,,,,,,,,,,,,,,,,,,,42.5,,,,,47.9,45.9,,,42,42.4,41.1,41.1,42,38.1,37.1,37.5,34.1,34.6,35.7,34.4,34.9,34.3,33.8,34.4,34.5,36,
Egypt,,,,,,,,,,,,,,,,,,,,,,,,26.7,,,,,26,,,,28.3,,,,,27.4,,,,27,,26.1,,24.7,,,27.8,,26.9,,,,
Spain,,,,,,,,,,,,,,26.3,,,,,26.7,,,,,24.8,,,,,27.5,,,,,26.3,,,24,24.9,24.3,24.9,25.6,25.6,25.9,26,25.9,25.8,25.9,26,26.2,25.8,25.4,25.3,24.9,,
Estonia,,,,,,,,,,,,,,,,,,,,,,,,,,,,,,,,,,,,,28.4,25.9,26.2,26.9,24,24.9,24.4,24.3,24.8,25.2,26.6,26.3,24.4,23.1,22.5,22.4,23.3,,
Ethiopia,,,,,,,,,,,,,,,,,,,,,,,,,,,,,38,,,,25.5,,,,,25.6,,,,,,27.4,,,,,28.5,,,,,,
Finland,,,,,,,,,,,,,,,,,,,,,19.2,,,,19.6,,,,20.5,,,,,22.7,,,23,23.2,23,23,23.3,23,22.6,22.5,22.8,22.3,22.3,22,22.4,22.4,22.6,22.6,23,,
Fiji,,,,,,,,,,,,,,,,,,,,,,,,,,,,,,,,,,,,29.6,,,,,,32.9,,,,,29.7,,,,,,24.2,,
France,,,,,,,,,,,,27.2,,,,,,28.9,,,,,24.7,,,,,25.6,,,,,,24.4,,,25.2,24.5,23.9,23.5,26.2,26.7,26.1,27.1,26.9,26.9,26.4,26.1,26.6,25.9,25.8,26.7,,,
"Micronesia, Fed. Sts.",,,,,,,,,,,,,,,,,,,,,,,,,,,,,,,,,,,,,,,32.5,,,,,,,,29.7,,,,,,,,
Gabon,,,,,,,,,,,,,,,,,,,,,,,,,,,,,,,,,,,,,,,33.1,,,,,,,,,,,,27.7,,,,
United Kingdom,,,26.1,,,,,23.9,,,,,22.4,,,,,,,24.4,,,,,27.1,,,27.8,27.3,27.2,27.6,28.5,28.7,31.9,30.2,28.2,28,27.8,26.1,26.7,28,26.4,26.5,26.8,25.3,24.6,25.3,26.2,25.4,26.8,26.7,,,,
Georgia,,,,,,,,,,,,,,,,,,,,,,,,,,,,,,27.9,29.9,31.2,29.9,30.3,30,28.2,27.1,26.7,27.7,27.5,28.9,29.1,28.9,29.5,29.8,29.3,29.1,28.6,27.8,28.1,28.9,27.5,27.6,26.2,
Ghana,,,,,,,,,,,,,,,,,,,,,27.3,28.1,,,30.1,,,,,,,29.6,,,,,,,32.7,,,,,,,31.7,,,,32.2,,,,,
Guinea,,,,,,,,,,,,,,,,,,,,,,,,,31.7,,,36,,,,,,,,34,,,,,30.1,,,,,26.4,,,,,,23.1,,,
Gambia,,,,,,,,,,,,,,,,,,,,,,,,,,,,,,,,37.7,,,,,36.9,,,,,,,34.9,,,,,28.7,,,,,,
Guinea-Bissau,,,,,,,,,,,,,,,,,,,,,,,,,,,34.4,,,,,,,,,28.1,,,,,,,,42,,,,,,,,27.6,,,
Greece,,,,,,,,,,,,,,,,,,,,,,,,,,,,,27.3,,,,,25.7,,,24.6,25.5,26.3,26.7,26,26,26,25.6,25.6,26.6,26.4,26.1,26.2,25.9,25.9,24.9,24.9,,
Guatemala,,,,,,,,,,,,,,,,,,,,46.7,,,46.8,,,,,,,,,,,43.9,,,,,,43.2,,,,,,,,38.1,,,,,,,
Guyana,,,,,,,,,,,,,,,,,,,,,,,,,,,,,,,,34.4,,,,,,,,,,,,,,,,,,,,,,,
Honduras,,,,,,,,,,,,,,,,,,,,,,,48.2,45.5,40.8,41.4,42.8,43.5,43.8,43.7,41.4,44.6,41.9,,41.6,42.7,45.1,44.9,46.1,44,43.1,43,38.4,40.2,39.7,40.4,37,37.4,36.6,36,36.6,35.3,34.6,,
Croatia,,,,,,,,,,,,,,,,,,,,,,,,,,,,,,,,,,,,,,,,,,,24.3,23.9,23.7,23.9,23.7,24,23.2,23.2,22.9,22.7,22.2,,
Haiti,,,,,,,,,,,,,,,,,,,,,,,,,,,,,,,,,,,,,,,,,,,,,,31.2,,,,,,,,,
Hungary,,,,,,,,,,,,,,,,,,,,,,,,,,,,,,,,,,,,,,24.2,28.1,22.8,22.3,22.1,21.5,23.1,23.2,23.9,24.4,24,23.8,23.8,23.9,23.2,23.3,,
Indonesia,,,,,,,,,,,,,,,,,,26.3,,,25.6,,,26.2,,,27,,,28.8,,26.1,26.6,24.4,25,26.9,26.4,26.9,27.4,28.2,28.9,28.5,28.8,28.9,32.1,32.3,32.2,31.8,32.4,30.5,29.6,29.3,28.9,29,29.6
India,,,,,,,,,,,27.5,,,,,,26.4,,,,27.5,,,,,,26.7,,,,,,,,,,,29.2,,,,,30,,30.1,,,,,,,,,,
Ireland,,,,,,,,,,,,,,,,,,,,,27.2,,,,,,,29,28.6,27.6,,,,26.1,,25,25.9,26.6,27,25.6,25.5,24.6,25.6,24.9,25.5,25.9,26.1,24.9,25.4,25.9,25.4,25.1,,,
Iran,,,,,,,,,,,,,,,,,,,,36.9,,,,33.5,,,,33.3,,,,33.7,,,,,,,33.3,34,,,31.3,,,,29,29.8,30.6,30.9,31.3,32.5,31.7,,
Iraq,,,,,,,,,,,,,,,,,,,,,,,,,,,,,,,,,,,,,,,,23.6,,,,,,23.7,,,,,,,,,
Iceland,,,,,,,,,,,,,,,,,,,,,,,,,,,,,,,,,,,,,22.6,23.7,24.4,25.4,24.8,27.1,24,22,22.1,22.1,21.3,23.5,22.5,22.8,22.1,,,,
Israel,,,,,,,,,,,,,26.9,,,,,,,26.9,,,,,,26.9,,,,,28.2,,,,28.7,28.7,29.4,29.3,30.4,29.7,29.5,30,30.5,31.1,29.5,29.7,28.9,28.2,28.6,27.7,27,27.6,,,
Italy,,,,,,,,,,,,,,,,,,,,24.7,25.5,,25.1,,24,,26.2,,26.2,,,27.6,,26.4,,,26.7,26.3,25.5,25.6,24.9,25.7,25.4,26.2,26.4,26.4,25.9,25.5,25.8,26,26.7,25.9,,,
Jamaica,,,,,,,,,,,,,,,,,,,,,,33.7,,32.1,,,27.4,,,32.7,,,35,,,38,,35.8,,,,,,,,,,,,,,,,,
Jordan,,,,,,,,,,,,,,,,,,,,28.1,,,,,,35,,,,,29.8,,,,,29.5,,,,27.5,,26.6,,27.5,,,,,,,,,,,
Japan,,,,,,,,,,,,,,,,,,,,,,,,,,,,,,,,,,,,,,,,,,26.1,,25.7,,,26.4,,,,,,,,
Kazakhstan,,,,,,,,,,,,,,,,,,,,,,,,,,,,,,26.3,,,,,27.1,26.8,25.8,25.1,29.7,24.9,24.6,23.6,23.1,23.1,23,22.9,22.5,22.6,22.6,22.7,23,23.4,,,
Kenya,,,,,,,,,,,,,,,,,,,,,,,,,,47.9,,33.4,,,36.3,,,,,,,,36.8,,,,,,,,,,31.6,,,,,,
Kyrgyz Republic,,,,,,,,,,,,,,,,,,,,,,,,,,,,,,,,,,24.8,23.9,24,23.3,27.2,26.2,29.4,26.5,25.3,24.6,24.6,23.5,23.1,23.8,22.9,24.8,22.9,23.3,23.6,25.8,24,
Kiribati,,,,,,,,,,,,,,,,,,,,,,,,,,,,,,,,,,,,,,,,29.3,,,,,,,,,,,,,22.9,,
South Korea,,,,,,,,,,,,,,,,,,,,,,,,,,,,,,,,,,,,,,,,24,,24.5,,24.2,,23.8,,23.6,,24,,,,,
Kosovo,,,,,,,,,,,,,,,,,,,,,,,,,,,,,,,,,,,,,23.2,,24.2,24.1,,,25,25.7,22.3,23.5,21.9,22,21.5,21.8,24.6,,,,
Lao,,,,,,,,,,,,,,,,,,,,,,,,,,28.1,,,,,29.1,,,,,27,,,,,29.3,,,,,29,,,,,,31.2,,,
Lebanon,,,,,,,,,,,,,,,,,,,,,,,,,,,,,,,,,,,,,,,,,,,,,24.8,,,,,,,,,,
Liberia,,,,,,,,,,,,,,,,,,,,,,,,,,,,,,,,,,,,,,,,,28.3,,,,,,,26,,27.1,,,,,
St. Lucia,,,,,,,,,,,,,,,,,,,,,,,,,,,,,32.5,,,,,,,,,,,,,,,,,,,,,38.6,,,,,
Sri Lanka,,,,,,,,,,,,,,,,,,,26.4,,,,,27.5,,,,,29,,,,,,,32.7,,,,32.3,,,29.6,,,31.9,,,,32.6,,,,,
Lesotho,,,,,,,,,,,,,,,,,,,,43.6,,,,,,,,48.3,,,,,,,,38.3,,,,,,,,,,,,,,,32.9,,,,
Lithuania,,,,,,,,,,,,,,,,,,,,,,,,,,,,,,,,,,,,,,27.9,27.2,26.8,26.8,27.6,27.6,24.8,24.5,26.8,27.1,28.9,28.6,29.5,28.4,27.2,27.5,,
Luxembourg,,,,,,,,,,,,,,,,,,,21.5,,,,,,22.2,,,21.9,,,23.8,,,23.9,,,23.7,23.7,24.3,24.3,25.1,25.8,24.2,23.7,24.4,26.4,24.2,24.3,25.1,24.1,25.6,26.6,25.8,,
Latvia,,,,,,,,,,,,,,,,,,,,,,,,,,,,,,,,,,,,,,28.5,30,26.8,28.3,27.7,26.9,26.2,27.3,26.6,26.8,26.7,26.2,25.8,26.9,26.9,26.6,,
Morocco,,,,,,,,,,,,,,,,,,31.8,,,,,,30.7,,,,,,,,30.8,,32.1,,,,,,33.1,,,,,,,31.9,,,,,,,,
Moldova,,,,,,,,,,,,,,,,,,,,,,,,,,,,,,,28.1,30.1,34.4,28.5,29.8,27.5,27.7,27.7,28.4,27.4,26.8,27.1,25,25.4,24.5,23.6,23.3,22.1,22.5,22.7,21.7,22,22,,
Madagascar,,,,,,,,,,,,,,37,,,,,,,,,,,,,37,,,,30.1,,28.9,,36.6,,,,32.4,,,,,34.3,,33.5,,,,,,,,,
Maldives,,,,,,,,,,,,,,,,,,,,,,,,,,,,,,,,,,,,34.8,,,,,,,29.9,,,,,,,25.2,,,23.3,,
Mexico,,,,,,,,,,,,,,,,,,,,,,,40.6,,,42.2,,42.3,,42.1,,40.4,,42,,39.6,,39.6,39.6,38.9,,39.1,,37.1,,38.9,,39.5,,37.8,,37.1,,35.5,
Marshall Islands,,,,,,,,,,,,,,,,,,,,,,,,,,,,,,,,,,,,,,,,,,,,,,,,,,,,,27.5,,
North Macedonia,,,,,,,,,,,,,,,,,,,,,,,,,,,,,,,,,,,,,,,,,,,30.7,27.1,26.9,26.5,25.4,24.9,24.8,24.1,23.8,23,,,
Mali,,,,,,,,,,,,,,,,,,,,,,,,,,,,40.4,,,,,,,30.1,,,,,30.2,,,25.7,,,,,,,,,28.2,,,
Malta,,,,,,,,,,,,,,,,,,,,,,,,,,,,,,,,,,,,,,,,22.1,22.6,22.5,23.8,22.7,23.2,23.4,23.2,23.3,23.6,23.1,23.3,22.9,24.8,,
Myanmar,,,,,,,,,,,,,,,,,,,,,,,,,,,,,,,,,,,,,,,,,,,,,,,,,31.7,,25.5,,,,
Montenegro,,,,,,,,,,,,,,,,,,,,,,,,,,,,,,,,,,,,,,,,,,,,,,28.7,27.2,26.9,27.7,27.7,26,26,,,
Mongolia,,,,,,,,,,,,,,,,,,,,,,,,,,,,,25,,,22.9,,,,24.6,,,,,27.8,,,25.7,26.6,26.2,,25.5,,25.6,,25.7,,,
Mozambique,,,,,,,,,,,,,,,,,,,,,,,,,,,,,,43.8,,,,,,39.4,,,,,,36.8,,,,,,45.5,,,,,,,
Mauritania,,,,,,,,,,,,,,,,,,,,,32,,,,,,42.5,,28.7,,,,,29.5,,,,32.6,,,,26.2,,,,,,24.9,,,,,,,
Mauritius,,,,,,,,,,,,,,,,,,,,,,,,,,,,,,,,,,,,,,,,28.7,,,,,,31.6,,,,,29.9,,,,
Malawi,,,,,,,,,,,,,,,,,,,,,,,,,,,,,,,61.5,,,,,,,32.8,,,,,,36.9,,,,,,38.1,,,31,,
Malaysia,,,,,,,,,,,,,,,,,,38.5,,,36.9,,36.4,,,37,,,37.9,,38.4,,,,,,35.1,,,33.8,,34.2,,,33.2,,31.8,,31.3,,,,,,
Namibia,,,,,,,,,,,,,,,,,,,,,,,,,,,,,,,,,,,,,54.8,,,,,,51.8,,,,,,47.3,,,,,,
Niger,,,,,,,,,,,,,,,,,,,,,,,,,,29.4,,32.5,,,,,,,,,,,36.2,,31.4,,,,26.4,,,27,,,,31.1,,,
Nigeria,,,,,,,,,,,,,,,,,,,28.2,,,,,,,31.4,,,,40.7,,,,,,,29.8,,,,,,,26.8,,26.7,,,26.9,,,26.7,,,
Nicaragua,,,,,,,,,,,,,,,,,,,,,,,,,,,44.2,,,,,43.4,,,42.9,,,,39.6,,,,34.2,,,,,37.2,,,,,,,
Netherlands,,,,,,,,,,,,,,,,,22.6,,,,22,,,24.5,,,22.8,,,,,,21.8,,,,,23.7,23.4,24.7,24.1,23.7,22.4,22.4,22.6,22.5,22.8,23.3,23,22.9,23.3,23,23.9,,
Norway,,,,,,,,,,,,,21.8,,,,,,,20.5,,,,,21.2,,,,21.7,,,,,23.2,,,23.3,27.2,26.3,21.2,22.2,21.8,21.3,21,20.5,20.9,21.3,21.6,22.3,23.1,21.6,22.2,22.4,,
Nepal,,,,,,,,,,,,,,,,,,,,,,,,,,,,,29,,,,,,,,36.9,,,,,,,26.4,,,,,,,,,,,
Nauru,,,,,,,,,,,,,,,,,,,,,,,,,,,,,,,,,,,,,,,,,,,,,,27.3,,,,,,,,,
Pakistan,,,,,,,,,,,,,,,,,,,,,27.6,,,27.1,,,,,,25.2,,28.5,,,24.9,,,26.3,27.1,,25.7,,,25.1,25.8,,25.3,,27,,,25.5,,,
Panama,,,,,,,,,,,,,36,,,,,,,,,,42.9,,42.5,,,,43.2,,44.1,43.4,42.5,43.2,42.6,43,42.2,41.3,40.2,41.1,39.7,40.7,40.1,39.7,39.7,39.7,39.6,38.5,39,37.9,37.7,37.1,38,,
Peru,,,,,,,,,,,,,,,,,,,,,,,,,,,,,,,40.8,43.6,43.6,36.8,39.1,42.1,42.2,38,38.5,38.2,37.8,35.4,35.2,34.2,33.5,33.3,32.7,32.1,32.6,32.6,32.3,31.6,31.1,32.9,
Philippines,,,,,,,,,,,,,,,,,,,,,,,,,,,,,,,,,,37.7,,,36.6,,,36.6,,,36.3,,,36.3,,,34.9,,,33.5,,,
Papua New Guinea,,,,,,,,,,,,,,,,,,,,,,,,,,,,,,34.5,,,,,,,,,,,,,31,,,,,,,,,,,,
Poland,,,,,,,,,,,,,,,,,,,,,,,,,,,,,,,,,,,,,,28.2,26.8,26.4,26.4,26.1,25.8,25.8,25.5,25.3,25.4,25.2,24.2,24.6,23.5,24,,,
Portugal,,,,,,,,,,,,,,,,,,,,,,,,,,,,,,,,,,,,,30.2,30.9,30.6,29.7,28.9,28.9,27.5,28.3,28.7,27.8,27.5,27.4,27.3,27.6,26.7,26.6,26,,
Paraguay,,,,,,,,,,,,,,,,,,,,,,,,30.8,,,,,46.1,,41.4,,42.1,,43.1,46.2,44.1,42,40.4,42.4,42.5,40.1,38.1,40.5,41.4,36.9,37.3,40.7,36.7,37.3,39.1,35.8,35.2,33.3,
Palestine,,,,,,,,,,,,,,,,,,,,,,,,,,,,,,,,,,,,,,26.5,26.7,27.1,27.6,,27.4,27.8,27.2,,,,,25.2,,,,,
Romania,,,,,,,,,,,,,,,,,,,,,,,,,,,,,,,,,,,,,,,,29,27.4,26.5,25.7,25,24.9,25.5,25.4,24.5,24.8,23.7,24.9,24.9,24.5,,
Russia,,,,,,,,,,,,,,,,,,,,,,,,,,,,,,,29.4,28.6,27.7,27.6,27.9,28.1,30.3,30.5,31.4,31.3,32.8,32.5,31.1,30.6,31.1,32.2,32.4,31.9,29.7,28.6,29.2,29.9,30.2,29,
Rwanda,,,,,,,,,,,,,,,,,,,,,,,,,,,,,,,,,,40.8,,,,,43.9,,,,,39.8,,,37.9,,,35.6,,,,,
Sudan,,,,,,,,,,,,,,,,,,,,,,,,,,,,,,,,,,,,,,,,,,,26.7,,,,,27.8,,,,,,,
Senegal,,,,,,,,,,,,,,,,,,,,,,,,,42.8,,,33.9,,,,,,,33.4,,,,30,,,,,,31,,,,,,,30.5,,,
Solomon Islands,,,,,,,,,,,,,,,,,,,,,,,,,,,,,,,,,,,,,,,35.7,,,,,,,29.2,,,,,,,,,
Sierra Leone,,,,,,,,,,,,,,,,,,,,,,,,,,,,,,,,,,,,,32,,,,,,,,26.9,,,,,,,29.4,,,
El Salvador,,,,,,,,,,,,,,,,,,,,,,,,,41.4,,,,38.8,39.4,,40.5,38.6,39,38.6,38.8,37.3,35.6,36.8,35.6,35.7,36.1,36,33.2,32.8,32.6,34.2,32.2,31.8,30.7,29.1,29.4,29.8,,
Serbia,,,,,,,,,,,,,,,,,,,,,,,,,,,,,,,,,,,,,,,,,,,,,,28.7,28.2,28.6,29.2,27.3,25.6,25.5,26,,
South Sudan,,,,,,,,,,,,,,,,,,,,,,,,,,,,,,,,,,,,,,,,,,,33.2,,,,,,,,,,,,
Sao Tome and Principe,,,,,,,,,,,,,,,,,,,,,,,,,,,,,,,,,,24.5,,,,,,,,,,24.2,,,,,,,32.9,,,,
Suriname,,,,,,,,,,,,,,,,,,,,,,,,,,,,,,,,,42.1,,,,,,,,,,,,,,,,,,,,,,
Slovak Republic,,,,,,,,,,,,,,,,,,,,,,,,,,,,,,,,,,,,,,22.1,24.9,21.8,20.8,21.4,21.8,21.9,21,20.5,22.2,20.3,20.9,19.9,18.4,19.6,18.8,,
Slovenia,,,,,,,,,,,,,,,,,,,,,,,,,,,,,,,,,,,,,,20.6,20.6,20.4,20.4,20.1,20.6,20.7,20.8,21.1,21.4,21.2,21.1,20.6,20.4,21,20.7,,
Sweden,23.5,,,,,,,,19.4,,,,,,18.3,,,,,,19,,,,,20.1,,,20,,,,,22.1,,,20.1,21.1,21.1,21.1,21.7,22.4,21.5,21.8,21.6,21.6,22.2,22.2,22.9,23.3,22.3,22.9,22.7,,
Eswatini,,,,,,,,,,,,,,,,,,,,,,,,,,,,49.5,,,,,,44.1,,,,,,,,,40,,,,,,,42.7,,,,,
Seychelles,,,,,,,,,,,,,,,,,,,,,,,,,,,,,,,,,,,,,,,,,,,,,,,39.9,,,,,23.9,,,
Syria,,,,,,,,,,,,,,,,,,,,,,,,,,,,,,28.6,,,,,,,29.9,,,,,,,,,,,,,,,,,,
Chad,,,,,,,,,,,,,,,,,,,,,,,,,,,,,,,,,,,,,30.7,,,,,,,,32.4,,,,,,,29.7,,,
Togo,,,,,,,,,,,,,,,,,,,,,,,,,,,,,,,,,,,,,,,,32.6,,,,,34.5,,,,31.6,,,32.9,,,
Thailand,,,,,,,,,,,,,,,35.5,,,,,,,35.3,,36.4,,38.6,,34.9,,34.3,,32.3,34.1,33.7,,33.2,,33.8,,32.5,30.8,31.1,30.6,30.7,29.9,30.4,29.2,28.7,28.4,28.9,28.4,28.1,27.2,27,
Tajikistan,,,,,,,,,,,,,,,,,,,,,,,,,,,,,,,,,23.3,,,,25.6,26.6,,,25.1,,24.1,,,,,,26.4,,,,,,
Turkmenistan,,,,,,,,,,,,,,,,,,,,,,,,,,,,,,,,31.5,,,,,,,,,,,,,,,,,,,,,,,
Timor-Leste,,,,,,,,,,,,,,,,,,,,,,,,,,,,,,,,,,,28.2,,,,,,22.9,,,,,,,24,,,,,,,
Tonga,,,,,,,,,,,,,,,,,,,,,,,,,,,,,,,,,,28.3,,,,,,,,,28.9,,,,,,29.7,,,,,,
Trinidad and Tobago,,,,,,,,,,,,,,,,,,,,,,31.1,,,,29.9,,,,,,,,,,,,,,,,,,,,,,,,,,,,,
Tunisia,,,,,,,,,,,,,,,,,,,34.1,,,,,30.7,,,,,31.7,,,,,31.6,,,,,29.1,,,,,27,,,,,25.6,,,,,,
Turkey,,,,,,,,,,,,,,,,,,,,,35.1,,,,,,,32,,,,,,,,31.9,32.4,30.8,32.8,29.6,28.2,29.4,29.2,29.3,30.5,30.5,30.6,31.6,33.5,32.1,31.9,32.6,31.6,,
Tuvalu,,,,,,,,,,,,,,,,,,,,,,,,,,,,,,,,,,,,,,,,,,,,30.8,,,,,,,,,,,
Tanzania,,,,,,,,,,,,,,,,,,,,,,,,,27.1,,,,,,,,,28.9,,,,,,,31.9,,,,31,,,,,,,33.1,,,
Uganda,,,,,,,,,,,,,,,,,,,,,,,33.7,,,33.5,,,,31.3,,,34.9,,,37.5,,,34.5,,,,36.4,,,32.9,,,,34.2,,,34.5,,
Ukraine,,,,,,,,,,,,,,,,,,,,,,,,,,22.9,23.2,,30.4,27.6,,,,,,23.2,23.3,23.1,23.2,24.1,22,21.9,21.2,21,20.7,20.8,21.1,20.6,21.6,21.2,21.7,22,22.3,21.8,
Uruguay,,,,,,,,,,,,,,,,,,,,,,,,,,,,,,,,,,,,,,,,35,35.4,34.3,34.6,33.6,31.6,29.2,30.1,29.8,29.8,29.6,29.6,29.7,29.7,29.9,
United States,,,,,,,,26,,,,,25.3,,,,,,,26.7,,,,,27.5,27.7,29.7,29.6,29.7,30,30.4,29.7,29.9,30.3,30.6,30.1,30.2,30.1,30.8,31.2,30.4,30.3,30.4,29.3,30.2,30.2,30,30.7,30.5,30.4,30.3,30.7,30.8,,
Uzbekistan,,,,,,,,,,,,,,,,,,,,,,,,,,,,,,,,32.7,,28.6,,27.4,28.3,,,,,,,,,,,,,,,,,,
Venezuela,,,,,,,,,,,,,,,43.4,,,,,,40.8,,32.5,,,31.6,,,35.6,,,35.8,36,,35.3,36.2,35.1,34.7,36.4,33.2,,,,,,,,,,,,,,,
Vietnam,,,,,,,,,,,,,,,,,,,,,,,,,,28.6,,,,,29.1,,,,,29.8,,28.8,,27.7,,28,,30.9,,27.7,,26.8,,27.1,,27.5,,,
Vanuatu,,,,,,,,,,,,,,,,,,,,,,,,,,,,,,,,,,,,,,,,,,,,29.1,,,,,,,,,24.7,,
Samoa,,,,,,,,,,,,,,,,,,,,,,,,,,,,,,,,,,,,32.5,,,,,,34.1,,,,,31.3,,,,,,,,
Yemen,,,,,,,,,,,,,,,,,,,,,,,,,,,,,,,,26.8,,,,,,,28.6,,,,,,,,,29.4,,,,,,,
South Africa,,,,,,,,,,,,,,,,,,,,,,,,,,,46.7,,,,,,,44.9,,,,,54.2,,,51.3,,51.3,,,,50.5,,,,,,,
Zambia,,,,,,,,,,,,,,,,,,,,,,,,,42.9,,39.3,,,37.3,,38.2,,,,33.7,,42.7,,43.2,,,,45.2,,,,,44.4,,,,,,
Zimbabwe,,,,,,,,,,,,,,,,,,,,,,,,,,,,,,,,,,,,,,,,,,,,,33.8,,,,,,34.8,,,,
